images,class
agression_1.mkvframe116.jpg,agression
agression_3.mkvframe34.jpg,agression
agression_2.mkvframe182.jpg,agression
agression_2.mkvframe72.jpg,agression
agression_3.mkvframe14.jpg,agression
agression_1.mkvframe196.jpg,agression
agression_2.mkvframe146.jpg,agression
agression_1.mkvframe39.jpg,agression
agression_3.mkvframe13.jpg,agression
normal_3.aviframe16.jpg,normal
agression_2.mkvframe140.jpg,agression
agression_2.mkvframe7.jpg,agression
agression_2.mkvframe191.jpg,agression
normal_2.mkvframe3.jpg,normal
agression_2.mkvframe116.jpg,agression
agression_2.mkvframe177.jpg,agression
normal_1.mkvframe28.jpg,normal
normal_1.mkvframe57.jpg,normal
normal_3.aviframe30.jpg,normal
agression_1.mkvframe46.jpg,agression
agression_2.mkvframe120.jpg,agression
agression_3.mkvframe49.jpg,agression
normal_1.mkvframe80.jpg,normal
agression_1.mkvframe132.jpg,agression
agression_1.mkvframe131.jpg,agression
agression_1.mkvframe128.jpg,agression
agression_2.mkvframe49.jpg,agression
agression_1.mkvframe140.jpg,agression
agression_1.mkvframe142.jpg,agression
agression_2.mkvframe93.jpg,agression
normal_2.mkvframe4.jpg,normal
agression_2.mkvframe34.jpg,agression
agression_2.mkvframe157.jpg,agression
agression_1.mkvframe219.jpg,agression
agression_2.mkvframe64.jpg,agression
agression_2.mkvframe148.jpg,agression
normal_2.mkvframe2.jpg,normal
agression_2.mkvframe53.jpg,agression
normal_1.mkvframe21.jpg,normal
agression_2.mkvframe47.jpg,agression
normal_1.mkvframe66.jpg,normal
agression_2.mkvframe154.jpg,agression
agression_3.mkvframe1.jpg,agression
agression_1.mkvframe168.jpg,agression
agression_3.mkvframe22.jpg,agression
agression_3.mkvframe8.jpg,agression
normal_1.mkvframe41.jpg,normal
normal_2.mkvframe7.jpg,normal
agression_1.mkvframe56.jpg,agression
normal_1.mkvframe6.jpg,normal
normal_2.mkvframe8.jpg,normal
agression_2.mkvframe35.jpg,agression
agression_1.mkvframe87.jpg,agression
agression_1.mkvframe28.jpg,agression
normal_3.aviframe29.jpg,normal
agression_2.mkvframe77.jpg,agression
agression_2.mkvframe101.jpg,agression
agression_1.mkvframe97.jpg,agression
agression_2.mkvframe51.jpg,agression
agression_3.mkvframe27.jpg,agression
agression_1.mkvframe94.jpg,agression
normal_2.mkvframe0.jpg,normal
normal_1.mkvframe67.jpg,normal
agression_2.mkvframe41.jpg,agression
agression_1.mkvframe17.jpg,agression
agression_2.mkvframe88.jpg,agression
agression_1.mkvframe47.jpg,agression
agression_2.mkvframe84.jpg,agression
agression_2.mkvframe193.jpg,agression
agression_1.mkvframe114.jpg,agression
agression_1.mkvframe124.jpg,agression
normal_2.mkvframe12.jpg,normal
agression_1.mkvframe84.jpg,agression
agression_1.mkvframe15.jpg,agression
agression_1.mkvframe176.jpg,agression
agression_2.mkvframe131.jpg,agression
agression_2.mkvframe98.jpg,agression
agression_1.mkvframe60.jpg,agression
agression_2.mkvframe11.jpg,agression
agression_1.mkvframe218.jpg,agression
agression_2.mkvframe137.jpg,agression
agression_3.mkvframe29.jpg,agression
agression_2.mkvframe20.jpg,agression
agression_2.mkvframe176.jpg,agression
agression_1.mkvframe164.jpg,agression
agression_2.mkvframe27.jpg,agression
agression_1.mkvframe41.jpg,agression
agression_2.mkvframe42.jpg,agression
normal_1.mkvframe19.jpg,normal
normal_2.mkvframe13.jpg,normal
agression_1.mkvframe137.jpg,agression
agression_2.mkvframe44.jpg,agression
agression_1.mkvframe106.jpg,agression
agression_2.mkvframe17.jpg,agression
agression_1.mkvframe178.jpg,agression
normal_3.aviframe32.jpg,normal
normal_2.mkvframe19.jpg,normal
agression_1.mkvframe65.jpg,agression
normal_1.mkvframe59.jpg,normal
agression_2.mkvframe67.jpg,agression
agression_2.mkvframe144.jpg,agression
agression_1.mkvframe216.jpg,agression
agression_1.mkvframe177.jpg,agression
agression_2.mkvframe43.jpg,agression
agression_1.mkvframe136.jpg,agression
agression_2.mkvframe46.jpg,agression
agression_2.mkvframe94.jpg,agression
agression_2.mkvframe95.jpg,agression
agression_1.mkvframe205.jpg,agression
agression_1.mkvframe115.jpg,agression
agression_2.mkvframe150.jpg,agression
agression_1.mkvframe123.jpg,agression
agression_2.mkvframe2.jpg,agression
agression_2.mkvframe63.jpg,agression
agression_1.mkvframe32.jpg,agression
agression_2.mkvframe139.jpg,agression
agression_1.mkvframe138.jpg,agression
agression_2.mkvframe78.jpg,agression
agression_2.mkvframe108.jpg,agression
normal_3.aviframe5.jpg,normal
agression_1.mkvframe26.jpg,agression
agression_1.mkvframe165.jpg,agression
normal_1.mkvframe11.jpg,normal
agression_1.mkvframe198.jpg,agression
normal_2.mkvframe15.jpg,normal
normal_1.mkvframe71.jpg,normal
agression_2.mkvframe16.jpg,agression
agression_3.mkvframe39.jpg,agression
normal_1.mkvframe10.jpg,normal
agression_2.mkvframe40.jpg,agression
agression_1.mkvframe43.jpg,agression
normal_1.mkvframe29.jpg,normal
agression_1.mkvframe173.jpg,agression
agression_3.mkvframe36.jpg,agression
agression_2.mkvframe56.jpg,agression
agression_3.mkvframe23.jpg,agression
agression_1.mkvframe70.jpg,agression
agression_1.mkvframe58.jpg,agression
normal_3.aviframe27.jpg,normal
agression_3.mkvframe25.jpg,agression
agression_2.mkvframe188.jpg,agression
agression_3.mkvframe10.jpg,agression
agression_3.mkvframe53.jpg,agression
agression_1.mkvframe6.jpg,agression
normal_1.mkvframe62.jpg,normal
normal_1.mkvframe3.jpg,normal
agression_1.mkvframe159.jpg,agression
normal_1.mkvframe75.jpg,normal
agression_2.mkvframe168.jpg,agression
normal_1.mkvframe27.jpg,normal
normal_1.mkvframe1.jpg,normal
agression_1.mkvframe125.jpg,agression
agression_2.mkvframe1.jpg,agression
agression_1.mkvframe30.jpg,agression
agression_2.mkvframe48.jpg,agression
normal_1.mkvframe39.jpg,normal
agression_2.mkvframe31.jpg,agression
agression_1.mkvframe181.jpg,agression
agression_2.mkvframe33.jpg,agression
agression_2.mkvframe163.jpg,agression
agression_2.mkvframe159.jpg,agression
agression_2.mkvframe186.jpg,agression
agression_1.mkvframe68.jpg,agression
normal_3.aviframe17.jpg,normal
normal_3.aviframe9.jpg,normal
agression_1.mkvframe8.jpg,agression
agression_1.mkvframe183.jpg,agression
agression_1.mkvframe197.jpg,agression
agression_1.mkvframe202.jpg,agression
agression_1.mkvframe61.jpg,agression
normal_1.mkvframe45.jpg,normal
agression_3.mkvframe20.jpg,agression
agression_2.mkvframe151.jpg,agression
agression_2.mkvframe73.jpg,agression
agression_1.mkvframe209.jpg,agression
agression_1.mkvframe44.jpg,agression
agression_1.mkvframe113.jpg,agression
normal_1.mkvframe81.jpg,normal
agression_1.mkvframe194.jpg,agression
normal_1.mkvframe82.jpg,normal
normal_2.mkvframe1.jpg,normal
normal_2.mkvframe27.jpg,normal
agression_1.mkvframe190.jpg,agression
agression_1.mkvframe171.jpg,agression
normal_2.mkvframe10.jpg,normal
agression_2.mkvframe79.jpg,agression
normal_1.mkvframe20.jpg,normal
agression_2.mkvframe55.jpg,agression
agression_1.mkvframe147.jpg,agression
agression_3.mkvframe17.jpg,agression
agression_1.mkvframe203.jpg,agression
agression_2.mkvframe29.jpg,agression
normal_1.mkvframe51.jpg,normal
normal_1.mkvframe8.jpg,normal
agression_2.mkvframe96.jpg,agression
agression_2.mkvframe100.jpg,agression
agression_1.mkvframe182.jpg,agression
agression_1.mkvframe29.jpg,agression
agression_1.mkvframe117.jpg,agression
agression_1.mkvframe91.jpg,agression
agression_1.mkvframe110.jpg,agression
agression_3.mkvframe58.jpg,agression
agression_1.mkvframe143.jpg,agression
normal_1.mkvframe31.jpg,normal
agression_2.mkvframe82.jpg,agression
agression_3.mkvframe37.jpg,agression
agression_2.mkvframe6.jpg,agression
agression_3.mkvframe3.jpg,agression
normal_3.aviframe35.jpg,normal
agression_1.mkvframe10.jpg,agression
normal_3.aviframe22.jpg,normal
normal_2.mkvframe20.jpg,normal
agression_1.mkvframe51.jpg,agression
normal_3.aviframe31.jpg,normal
agression_2.mkvframe138.jpg,agression
agression_2.mkvframe149.jpg,agression
normal_1.mkvframe12.jpg,normal
normal_2.mkvframe14.jpg,normal
agression_1.mkvframe162.jpg,agression
agression_1.mkvframe150.jpg,agression
agression_2.mkvframe68.jpg,agression
agression_1.mkvframe9.jpg,agression
agression_1.mkvframe86.jpg,agression
agression_2.mkvframe128.jpg,agression
agression_1.mkvframe88.jpg,agression
agression_2.mkvframe75.jpg,agression
agression_1.mkvframe24.jpg,agression
normal_1.mkvframe63.jpg,normal
agression_2.mkvframe5.jpg,agression
agression_2.mkvframe32.jpg,agression
agression_1.mkvframe7.jpg,agression
agression_2.mkvframe161.jpg,agression
agression_1.mkvframe208.jpg,agression
agression_2.mkvframe135.jpg,agression
agression_3.mkvframe41.jpg,agression
agression_3.mkvframe44.jpg,agression
normal_3.aviframe8.jpg,normal
agression_2.mkvframe153.jpg,agression
normal_1.mkvframe25.jpg,normal
agression_2.mkvframe22.jpg,agression
agression_1.mkvframe13.jpg,agression
normal_1.mkvframe46.jpg,normal
agression_1.mkvframe204.jpg,agression
agression_3.mkvframe12.jpg,agression
agression_2.mkvframe57.jpg,agression
normal_1.mkvframe7.jpg,normal
agression_1.mkvframe163.jpg,agression
agression_2.mkvframe109.jpg,agression
agression_1.mkvframe121.jpg,agression
agression_2.mkvframe134.jpg,agression
normal_1.mkvframe50.jpg,normal
agression_1.mkvframe166.jpg,agression
agression_1.mkvframe151.jpg,agression
agression_3.mkvframe48.jpg,agression
agression_2.mkvframe110.jpg,agression
agression_1.mkvframe98.jpg,agression
agression_2.mkvframe126.jpg,agression
agression_2.mkvframe107.jpg,agression
agression_1.mkvframe82.jpg,agression
agression_2.mkvframe129.jpg,agression
agression_1.mkvframe122.jpg,agression
normal_1.mkvframe24.jpg,normal
agression_1.mkvframe211.jpg,agression
normal_3.aviframe18.jpg,normal
agression_2.mkvframe173.jpg,agression
normal_1.mkvframe2.jpg,normal
agression_2.mkvframe113.jpg,agression
agression_2.mkvframe117.jpg,agression
agression_1.mkvframe105.jpg,agression
agression_1.mkvframe77.jpg,agression
normal_1.mkvframe36.jpg,normal
agression_2.mkvframe0.jpg,agression
normal_1.mkvframe48.jpg,normal
normal_1.mkvframe22.jpg,normal
agression_1.mkvframe18.jpg,agression
agression_1.mkvframe0.jpg,agression
agression_3.mkvframe32.jpg,agression
agression_1.mkvframe40.jpg,agression
agression_2.mkvframe50.jpg,agression
normal_1.mkvframe65.jpg,normal
normal_1.mkvframe72.jpg,normal
normal_3.aviframe7.jpg,normal
normal_3.aviframe6.jpg,normal
agression_1.mkvframe101.jpg,agression
agression_3.mkvframe50.jpg,agression
agression_2.mkvframe178.jpg,agression
normal_1.mkvframe18.jpg,normal
agression_1.mkvframe160.jpg,agression
agression_2.mkvframe21.jpg,agression
agression_2.mkvframe59.jpg,agression
agression_1.mkvframe23.jpg,agression
normal_2.mkvframe5.jpg,normal
agression_2.mkvframe58.jpg,agression
agression_2.mkvframe190.jpg,agression
agression_2.mkvframe89.jpg,agression
agression_2.mkvframe111.jpg,agression
agression_1.mkvframe71.jpg,agression
agression_1.mkvframe37.jpg,agression
agression_3.mkvframe15.jpg,agression
agression_1.mkvframe95.jpg,agression
agression_3.mkvframe28.jpg,agression
normal_1.mkvframe52.jpg,normal
agression_2.mkvframe132.jpg,agression
agression_2.mkvframe164.jpg,agression
agression_3.mkvframe42.jpg,agression
normal_1.mkvframe73.jpg,normal
agression_3.mkvframe5.jpg,agression
agression_3.mkvframe4.jpg,agression
agression_2.mkvframe86.jpg,agression
agression_1.mkvframe185.jpg,agression
normal_2.mkvframe26.jpg,normal
agression_1.mkvframe89.jpg,agression
agression_1.mkvframe3.jpg,agression
agression_2.mkvframe74.jpg,agression
agression_2.mkvframe192.jpg,agression
agression_2.mkvframe106.jpg,agression
normal_2.mkvframe22.jpg,normal
normal_1.mkvframe33.jpg,normal
agression_1.mkvframe63.jpg,agression
agression_1.mkvframe31.jpg,agression
agression_2.mkvframe112.jpg,agression
normal_3.aviframe33.jpg,normal
normal_1.mkvframe43.jpg,normal
agression_3.mkvframe54.jpg,agression
normal_1.mkvframe53.jpg,normal
agression_1.mkvframe36.jpg,agression
agression_2.mkvframe25.jpg,agression
agression_2.mkvframe122.jpg,agression
normal_1.mkvframe69.jpg,normal
agression_1.mkvframe103.jpg,agression
agression_1.mkvframe184.jpg,agression
normal_1.mkvframe30.jpg,normal
agression_1.mkvframe62.jpg,agression
normal_1.mkvframe40.jpg,normal
normal_1.mkvframe44.jpg,normal
agression_3.mkvframe38.jpg,agression
normal_1.mkvframe0.jpg,normal
agression_1.mkvframe139.jpg,agression
normal_1.mkvframe56.jpg,normal
normal_2.mkvframe25.jpg,normal
agression_2.mkvframe24.jpg,agression
agression_1.mkvframe111.jpg,agression
agression_1.mkvframe53.jpg,agression
agression_1.mkvframe11.jpg,agression
normal_3.aviframe12.jpg,normal
agression_1.mkvframe4.jpg,agression
normal_3.aviframe20.jpg,normal
normal_1.mkvframe68.jpg,normal
agression_1.mkvframe81.jpg,agression
agression_2.mkvframe166.jpg,agression
agression_2.mkvframe162.jpg,agression
agression_2.mkvframe165.jpg,agression
agression_1.mkvframe156.jpg,agression
normal_1.mkvframe23.jpg,normal
agression_2.mkvframe92.jpg,agression
agression_3.mkvframe52.jpg,agression
agression_2.mkvframe66.jpg,agression
agression_3.mkvframe26.jpg,agression
agression_1.mkvframe64.jpg,agression
agression_1.mkvframe133.jpg,agression
agression_1.mkvframe14.jpg,agression
agression_2.mkvframe123.jpg,agression
agression_2.mkvframe38.jpg,agression
agression_1.mkvframe100.jpg,agression
agression_1.mkvframe76.jpg,agression
agression_2.mkvframe8.jpg,agression
agression_1.mkvframe213.jpg,agression
agression_2.mkvframe133.jpg,agression
agression_1.mkvframe67.jpg,agression
normal_1.mkvframe64.jpg,normal
normal_1.mkvframe42.jpg,normal
agression_1.mkvframe90.jpg,agression
agression_3.mkvframe0.jpg,agression
normal_3.aviframe2.jpg,normal
agression_2.mkvframe187.jpg,agression
agression_2.mkvframe195.jpg,agression
agression_3.mkvframe6.jpg,agression
agression_1.mkvframe200.jpg,agression
normal_1.mkvframe74.jpg,normal
agression_3.mkvframe30.jpg,agression
normal_1.mkvframe32.jpg,normal
agression_1.mkvframe78.jpg,agression
agression_1.mkvframe170.jpg,agression
agression_2.mkvframe62.jpg,agression
normal_3.aviframe11.jpg,normal
agression_3.mkvframe40.jpg,agression
agression_2.mkvframe97.jpg,agression
agression_1.mkvframe52.jpg,agression
agression_1.mkvframe66.jpg,agression
agression_1.mkvframe96.jpg,agression
agression_2.mkvframe12.jpg,agression
agression_2.mkvframe156.jpg,agression
normal_1.mkvframe15.jpg,normal
agression_1.mkvframe214.jpg,agression
agression_1.mkvframe129.jpg,agression
agression_2.mkvframe167.jpg,agression
agression_2.mkvframe99.jpg,agression
normal_3.aviframe34.jpg,normal
agression_2.mkvframe91.jpg,agression
agression_1.mkvframe20.jpg,agression
agression_2.mkvframe172.jpg,agression
normal_3.aviframe15.jpg,normal
normal_1.mkvframe13.jpg,normal
agression_2.mkvframe160.jpg,agression
agression_2.mkvframe70.jpg,agression
agression_1.mkvframe48.jpg,agression
normal_1.mkvframe70.jpg,normal
agression_1.mkvframe149.jpg,agression
agression_2.mkvframe179.jpg,agression
agression_2.mkvframe174.jpg,agression
agression_1.mkvframe161.jpg,agression
agression_1.mkvframe42.jpg,agression
normal_2.mkvframe23.jpg,normal
agression_2.mkvframe121.jpg,agression
agression_1.mkvframe38.jpg,agression
normal_3.aviframe0.jpg,normal
agression_2.mkvframe15.jpg,agression
agression_2.mkvframe103.jpg,agression
agression_2.mkvframe142.jpg,agression
agression_1.mkvframe144.jpg,agression
agression_2.mkvframe136.jpg,agression
normal_2.mkvframe9.jpg,normal
agression_1.mkvframe217.jpg,agression
agression_1.mkvframe155.jpg,agression
normal_2.mkvframe11.jpg,normal
agression_1.mkvframe215.jpg,agression
normal_3.aviframe28.jpg,normal
agression_1.mkvframe92.jpg,agression
normal_2.mkvframe16.jpg,normal
agression_1.mkvframe154.jpg,agression
agression_2.mkvframe147.jpg,agression
agression_1.mkvframe85.jpg,agression
agression_1.mkvframe34.jpg,agression
agression_1.mkvframe201.jpg,agression
agression_1.mkvframe145.jpg,agression
agression_3.mkvframe11.jpg,agression
agression_3.mkvframe9.jpg,agression
agression_1.mkvframe152.jpg,agression
normal_1.mkvframe5.jpg,normal
agression_2.mkvframe185.jpg,agression
normal_3.aviframe3.jpg,normal
agression_2.mkvframe18.jpg,agression
normal_3.aviframe4.jpg,normal
agression_1.mkvframe35.jpg,agression
agression_1.mkvframe109.jpg,agression
agression_1.mkvframe79.jpg,agression
normal_1.mkvframe9.jpg,normal
agression_1.mkvframe5.jpg,agression
agression_2.mkvframe102.jpg,agression
agression_1.mkvframe27.jpg,agression
agression_1.mkvframe127.jpg,agression
agression_1.mkvframe169.jpg,agression
normal_2.mkvframe21.jpg,normal
normal_1.mkvframe77.jpg,normal
normal_1.mkvframe16.jpg,normal
agression_2.mkvframe114.jpg,agression
agression_2.mkvframe143.jpg,agression
agression_2.mkvframe9.jpg,agression
normal_2.mkvframe24.jpg,normal
agression_2.mkvframe13.jpg,agression
agression_3.mkvframe21.jpg,agression
agression_3.mkvframe16.jpg,agression
normal_1.mkvframe17.jpg,normal
normal_2.mkvframe6.jpg,normal
agression_1.mkvframe59.jpg,agression
agression_3.mkvframe45.jpg,agression
agression_2.mkvframe10.jpg,agression
agression_1.mkvframe49.jpg,agression
agression_2.mkvframe45.jpg,agression
agression_1.mkvframe57.jpg,agression
normal_1.mkvframe58.jpg,normal
agression_1.mkvframe141.jpg,agression
agression_1.mkvframe157.jpg,agression
agression_1.mkvframe195.jpg,agression
agression_1.mkvframe2.jpg,agression
agression_1.mkvframe126.jpg,agression
agression_3.mkvframe33.jpg,agression
agression_1.mkvframe153.jpg,agression
agression_1.mkvframe174.jpg,agression
normal_1.mkvframe83.jpg,normal
agression_1.mkvframe12.jpg,agression
agression_1.mkvframe107.jpg,agression
agression_1.mkvframe80.jpg,agression
agression_1.mkvframe148.jpg,agression
agression_3.mkvframe47.jpg,agression
normal_3.aviframe10.jpg,normal
normal_1.mkvframe14.jpg,normal
agression_1.mkvframe146.jpg,agression
agression_1.mkvframe21.jpg,agression
agression_1.mkvframe112.jpg,agression
agression_1.mkvframe179.jpg,agression
normal_3.aviframe1.jpg,normal
agression_1.mkvframe212.jpg,agression
agression_1.mkvframe206.jpg,agression
agression_2.mkvframe65.jpg,agression
agression_1.mkvframe104.jpg,agression
agression_1.mkvframe33.jpg,agression
agression_1.mkvframe134.jpg,agression
agression_3.mkvframe51.jpg,agression
agression_2.mkvframe125.jpg,agression
agression_1.mkvframe135.jpg,agression
normal_1.mkvframe35.jpg,normal
agression_1.mkvframe158.jpg,agression
agression_1.mkvframe69.jpg,agression
agression_2.mkvframe90.jpg,agression
agression_1.mkvframe50.jpg,agression
agression_2.mkvframe145.jpg,agression
agression_2.mkvframe169.jpg,agression
agression_2.mkvframe80.jpg,agression
agression_1.mkvframe45.jpg,agression
agression_1.mkvframe83.jpg,agression
agression_3.mkvframe18.jpg,agression
agression_2.mkvframe194.jpg,agression
normal_1.mkvframe4.jpg,normal
agression_3.mkvframe31.jpg,agression
agression_1.mkvframe22.jpg,agression
normal_1.mkvframe47.jpg,normal
agression_3.mkvframe24.jpg,agression
agression_2.mkvframe71.jpg,agression
agression_2.mkvframe158.jpg,agression
normal_1.mkvframe38.jpg,normal
agression_2.mkvframe119.jpg,agression
agression_2.mkvframe61.jpg,agression
agression_2.mkvframe83.jpg,agression
agression_1.mkvframe75.jpg,agression
agression_1.mkvframe25.jpg,agression
agression_2.mkvframe52.jpg,agression
agression_1.mkvframe175.jpg,agression
normal_3.aviframe21.jpg,normal
agression_1.mkvframe167.jpg,agression
normal_3.aviframe19.jpg,normal
agression_2.mkvframe118.jpg,agression
normal_1.mkvframe26.jpg,normal
agression_1.mkvframe192.jpg,agression
agression_1.mkvframe102.jpg,agression
agression_1.mkvframe210.jpg,agression
normal_3.aviframe26.jpg,normal
normal_1.mkvframe76.jpg,normal
agression_1.mkvframe120.jpg,agression
agression_2.mkvframe170.jpg,agression
agression_1.mkvframe16.jpg,agression
normal_3.aviframe14.jpg,normal
normal_1.mkvframe49.jpg,normal
agression_1.mkvframe99.jpg,agression
agression_2.mkvframe155.jpg,agression
normal_3.aviframe23.jpg,normal
normal_2.mkvframe18.jpg,normal
agression_2.mkvframe54.jpg,agression
agression_2.mkvframe14.jpg,agression
agression_1.mkvframe191.jpg,agression
agression_3.mkvframe56.jpg,agression
agression_1.mkvframe118.jpg,agression
agression_1.mkvframe19.jpg,agression
agression_1.mkvframe108.jpg,agression
agression_2.mkvframe175.jpg,agression
agression_2.mkvframe104.jpg,agression
agression_3.mkvframe35.jpg,agression
agression_1.mkvframe187.jpg,agression
normal_3.aviframe24.jpg,normal
normal_2.mkvframe17.jpg,normal
agression_2.mkvframe85.jpg,agression
agression_2.mkvframe180.jpg,agression
agression_3.mkvframe7.jpg,agression
agression_3.mkvframe55.jpg,agression
agression_2.mkvframe60.jpg,agression
agression_1.mkvframe220.jpg,agression
normal_1.mkvframe34.jpg,normal
agression_2.mkvframe130.jpg,agression
normal_1.mkvframe54.jpg,normal
agression_1.mkvframe180.jpg,agression
agression_2.mkvframe28.jpg,agression
agression_2.mkvframe36.jpg,agression
agression_2.mkvframe4.jpg,agression
agression_1.mkvframe119.jpg,agression
agression_1.mkvframe54.jpg,agression
agression_2.mkvframe171.jpg,agression
agression_2.mkvframe152.jpg,agression
agression_2.mkvframe115.jpg,agression
normal_3.aviframe13.jpg,normal
agression_2.mkvframe30.jpg,agression
agression_1.mkvframe188.jpg,agression
agression_1.mkvframe207.jpg,agression
agression_2.mkvframe69.jpg,agression
agression_1.mkvframe172.jpg,agression
normal_1.mkvframe60.jpg,normal
agression_1.mkvframe72.jpg,agression
agression_1.mkvframe186.jpg,agression
agression_1.mkvframe1.jpg,agression
agression_1.mkvframe55.jpg,agression
agression_3.mkvframe19.jpg,agression
agression_2.mkvframe26.jpg,agression
agression_2.mkvframe184.jpg,agression
agression_1.mkvframe130.jpg,agression
normal_3.aviframe25.jpg,normal
normal_1.mkvframe55.jpg,normal
agression_2.mkvframe183.jpg,agression
agression_1.mkvframe189.jpg,agression
normal_1.mkvframe37.jpg,normal
agression_2.mkvframe181.jpg,agression
agression_2.mkvframe189.jpg,agression
agression_1.mkvframe199.jpg,agression
agression_2.mkvframe23.jpg,agression
agression_2.mkvframe105.jpg,agression
agression_1.mkvframe93.jpg,agression
agression_2.mkvframe19.jpg,agression
agression_3.mkvframe57.jpg,agression
normal_1.mkvframe61.jpg,normal
agression_3.mkvframe46.jpg,agression
normal_1.mkvframe79.jpg,normal
agression_2.mkvframe3.jpg,agression
agression_2.mkvframe81.jpg,agression
agression_1.mkvframe73.jpg,agression
agression_1.mkvframe193.jpg,agression
normal_1.mkvframe78.jpg,normal
agression_2.mkvframe141.jpg,agression
agression_3.mkvframe2.jpg,agression
agression_2.mkvframe87.jpg,agression
agression_3.mkvframe43.jpg,agression
agression_1.mkvframe74.jpg,agression
agression_2.mkvframe76.jpg,agression
agression_2.mkvframe124.jpg,agression
agression_2.mkvframe37.jpg,agression
agression_2.mkvframe39.jpg,agression
agression_2.mkvframe127.jpg,agression
